"title, company, location, job_link"
라인프렌즈 2022년 각 부문 수시의 전체 세부 정보,라인프렌즈,서울 용산구,https://kr.indeed.com/viewjob?jk=1015284880e2ff62
백엔드 개발자(Python)의 전체 세부 정보,액스,서울 서초구,https://kr.indeed.com/viewjob?jk=24d38e6721dfb0e4
(신입/인턴) 리서치 사회조사 연구원의 전체 세부 정보,리서치앤유,서울 성동구,https://kr.indeed.com/viewjob?jk=a8a2e292ef8b0528
주니어 백엔드 개발자(Python)의 전체 세부 정보,FASTFIVE,서울 강남구,https://kr.indeed.com/viewjob?jk=0d94f994c51ca848
딥러닝 기반 Computer Vision 개발자의 전체 세부 정보,에스케이텔레콤,서울 중구,https://kr.indeed.com/viewjob?jk=4cf24d3dd5919469
Python 기반 빅데이터 처리 개발자의 전체 세부 정보,드림어스컴퍼니,서울 서초구,https://kr.indeed.com/viewjob?jk=d364360d1e0368e3
2022년 7월 LG화학 신입사원 (학/석사)의 전체 세부 정보,LG화학,서울 영등포구,https://kr.indeed.com/viewjob?jk=7766f49e6de35020
R&D분야 경력사원 (마곡/대전)의 전체 세부 정보,LG화학,서울특별시,https://kr.indeed.com/viewjob?jk=5a08e103f073e6b1
파이브스팟 백엔드 개발자(Python)의 전체 세부 정보,FASTFIVE,서울 강남구,https://kr.indeed.com/viewjob?jk=a7de63fbef75c0d3
[LX세미콘] 2022년 7월 R&D Super Rookie의 전체 세부 정보,엘엑스세미콘,서울 강남구,https://kr.indeed.com/viewjob?jk=71ff8fcb25b87485
2022년 7월 경력사원 (SCM)의 전체 세부 정보,LG에너지솔루션,서울,https://kr.indeed.com/viewjob?jk=08c907cde463d712
ML/DL Data Scientist의 전체 세부 정보,현대카드 캐피탈,서울 영등포구,https://kr.indeed.com/viewjob?jk=8d82ffc3587320ea
[HDC 랩스] 2022년 경력 수시의 전체 세부 정보,현대산업개발,서울특별시,https://kr.indeed.com/viewjob?jk=676aa754cf756afe
DT운영팀 경력직의 전체 세부 정보,에스케이쉴더스,서울 강남구,https://kr.indeed.com/viewjob?jk=f53e18e982b309fe
2022년 7월 경력사원 (구매)의 전체 세부 정보,LG에너지솔루션,서울,https://kr.indeed.com/viewjob?jk=4bd25141ca1b8639
[11번가] 데이터 엔지니어 분야의 전체 세부 정보,십일번가,서울 중구,https://kr.indeed.com/viewjob?jk=148c1a1c1cbd1419
전산전문인력(~7/24)의 전체 세부 정보,브이아이피자산운용,대한민국,https://kr.indeed.com/viewjob?jk=762f4670e39d3075
"의료영상, 인공지능 외 신입/경력 정규직, 인턴의 전체 세부 정보",니어브레인,서울 강남구,https://kr.indeed.com/viewjob?jk=637daa5067e55e6c
2022년 7월 경력사원 (제조지능화)의 전체 세부 정보,LG에너지솔루션,충청북도 청주,https://kr.indeed.com/viewjob?jk=26e18b8d1527c4da
Python 기반 빅데이터분석가의 전체 세부 정보,이노포스트 관심기업,서울 방배동,https://kr.indeed.com/viewjob?jk=9a9bd236f2d05ff3
데이터 사이언스 분야 경력의 전체 세부 정보,LG전자,서울특별시,https://kr.indeed.com/viewjob?jk=55c025fc49316d27
Machine Learning Engineer의 전체 세부 정보,Bayview Technologies Inc.,서울,https://kr.indeed.com/viewjob?jk=d817970725257c48
2022년 7월 경력사원 (품질)의 전체 세부 정보,LG에너지솔루션,충청북도 청주,https://kr.indeed.com/viewjob?jk=04d60adf36c8602d
[인텔리전스랩스] 데이터 분석가 (ML 서비스 및 로그 분석)의 전체 세부 정보,Nexon,경기도 성남,https://kr.indeed.com/viewjob?jk=7b89aebb86d5058d
인공지능(딥러닝) 로봇 자동화 소프트웨어 개발자(Python우대)의 전체 세부 정보,주식회사 토트 관심기업,서울 성수동1가,https://kr.indeed.com/viewjob?jk=058e9510f9548e49
클라우드 기술지원 엔지니어의 전체 세부 정보,NHN Enterprise,성남 판교역,https://kr.indeed.com/viewjob?jk=df0bb90702bee2ac
응용소프트웨어 신입 경력 초빙의 전체 세부 정보,쿠노소프트,서울 성북구,https://kr.indeed.com/viewjob?jk=8939aa3561d700c2
Python 분석 인원 정규직 채용의 전체 세부 정보,(주)스마트모빌러티 관심기업,서울 휘경동,https://kr.indeed.com/viewjob?jk=5e761f105a377ae8
음성합성(TTS) 기술 전문가의 전체 세부 정보,에스케이텔레콤,서울 종로구,https://kr.indeed.com/viewjob?jk=b74f68a04bfffecb
[SNOW] 렌더링 엔진 개발자의 전체 세부 정보,네이버,서울,https://kr.indeed.com/viewjob?jk=4d629fc25872003f
우리신용정보(주) IT인력 신입/경력의 전체 세부 정보,우리신용정보,서울 중구,https://kr.indeed.com/viewjob?jk=459437f7ce2c9b1c
Technical Support Engineer-AI&IoT의 전체 세부 정보,Microsoft,서울,https://kr.indeed.com/viewjob?jk=69d8b28653cb054d
네이버 파이낸셜 플랫폼 운영의 전체 세부 정보,NIT Service,성남 서현동,https://kr.indeed.com/viewjob?jk=807cfa585cf72eec
[진행중] MyData사업부 전문직(데이터 사이언티스트) 채용공고의 전체 세부 정보,우리은행,서울 회현동,https://kr.indeed.com/viewjob?jk=b17c4bc74e4c9973
[Global AI]Backend engineer의 전체 세부 정보,인코리아프로페셔널,서울,https://kr.indeed.com/viewjob?jk=2f4a4b2eb45a293c
[kt ds] 2022년 각 부문별 경력사원 수시의 전체 세부 정보,케이티디에스,서울 서초구,https://kr.indeed.com/viewjob?jk=b515669e8032265b
BRAIN Research Intern의 전체 세부 정보,WorldQuant,서울,https://kr.indeed.com/viewjob?jk=b0d41c1e1d898321
모바일 운영서비스 빌드/배포/테스트 자동화 개발자의 전체 세부 정보,브롤브,서울 마포구,https://kr.indeed.com/viewjob?jk=8d8becaac19b958f
[일반직] CGMS 데이터 분석 신입사원 (~7/31)의 전체 세부 정보,아이센스,서울 서초구,https://kr.indeed.com/viewjob?jk=f66929c87ec964b9
Technical Support Engineering-AKS의 전체 세부 정보,Microsoft,서울,https://kr.indeed.com/viewjob?jk=6d4c339f382395ab
데이터표준품질부문 경력직 (정규직)의 전체 세부 정보,한국정보기술단,서울 강남구,https://kr.indeed.com/viewjob?jk=cb63641cc4abe8f0
[11번가] 데이터 아키텍처 분야의 전체 세부 정보,십일번가,서울 중구,https://kr.indeed.com/viewjob?jk=5da880ec62889daf
일반직 경력직원 모집[정보보안 전문가]의 전체 세부 정보,코스콤,서울 여의도,https://kr.indeed.com/viewjob?jk=97aa1e0f915cddbf
[외국계상장사]데이터분석가(Data Analyst)의 전체 세부 정보,인코리아프로페셔널,서울,https://kr.indeed.com/viewjob?jk=be6e40465e851e7d
"운영서비스부 data Analyst (Claim팀, 과장/차장급)의 전체 세부 정보",라이나생명보험,서울 종로구,https://kr.indeed.com/viewjob?jk=d4b9f68c0134e602
[글로벌AI]인공지능(AI) Engineer의 전체 세부 정보,인코리아 프로페셔널,서울,https://kr.indeed.com/viewjob?jk=a54daac26d2a702c
8퍼센트 개발자 (신입/경력)의 전체 세부 정보,8퍼센트,서울 종로구,https://kr.indeed.com/viewjob?jk=8af26b37623864c4
서버 개발자 Python(Django) Developer (주니어)의 전체 세부 정보,아테나스랩,서울 마포구,https://kr.indeed.com/viewjob?jk=4abf59df14cb4390
빅데이터 분야의 전체 세부 정보,LG유플러스,서울,https://kr.indeed.com/viewjob?jk=67c19d7ac0857ecd
[CA] 딥러닝 엔지니어의 전체 세부 정보,한국카카오은행,성남 분당구,https://kr.indeed.com/viewjob?jk=b681bace200fa694
JR0186078 AI Research Engineer Intern의 전체 세부 정보,인텔코리아,서울,https://kr.indeed.com/viewjob?jk=016de9bb83a8032d
[글로벌AI]인공지능(AI) Engineer의 전체 세부 정보,인코리아프로페셔널,서울,https://kr.indeed.com/viewjob?jk=38521115cdd8bd2e
AI 분야의 전체 세부 정보,LG유플러스,서울,https://kr.indeed.com/viewjob?jk=abdc136f65ceddd4
데이터 분석 /고객 분석의 전체 세부 정보,녹십자헬스케어,서울 영등포구,https://kr.indeed.com/viewjob?jk=c823987791ca2ef0
Software Engineer의 전체 세부 정보,Google,서울,https://kr.indeed.com/viewjob?jk=0cb4a784529cb1b8
"Applications Engineer, Staff의 전체 세부 정보",Synopsys,서울,https://kr.indeed.com/viewjob?jk=90e4b9b3cfc3c6b4
[넥슨코리아] 클라우드 시스템 엔지니어의 전체 세부 정보,Nexon,경기도 성남,https://kr.indeed.com/viewjob?jk=37f51a8d4e34cfce
한국필립모리스 2022년 상반기 수시의 전체 세부 정보,한국필립모리스㈜,서울 영등포구,https://kr.indeed.com/viewjob?jk=44e9ac7f0f94e784
2022년 7월 경력사원 (공술)의 전체 세부 정보,LG에너지솔루션,충청북도 청주,https://kr.indeed.com/viewjob?jk=8427ee2005e15603
[외국계 스타트업 미소] Business Analyst Intern (정규직 전환형)의 전체 세부 정보,유한회사 미소,서울,https://kr.indeed.com/viewjob?jk=4c25d6649f8434a8
[신입/경력] 의료영상/음성인식/생체신호 연구원의 전체 세부 정보,뷰노코리아,서울 서초구,https://kr.indeed.com/viewjob?jk=c35e9b72a11aa338
포렌식 분석가의 전체 세부 정보,안랩,성남 분당구,https://kr.indeed.com/viewjob?jk=ed264b4c7114ebc0
"C#, 소프트웨어 or Python 기반 응용 S/W 개발 신입/경력의 전체 세부 정보",제스엔지니어링,서울 금천구,https://kr.indeed.com/viewjob?jk=ce8d603fe0a68951
System Engineer (토스뱅크)의 전체 세부 정보,비바리퍼블리카,서울 강남구,https://kr.indeed.com/viewjob?jk=d3a063a898d727cc
클라우드 보안 엔지니어의 전체 세부 정보,뱅크샐러드,서울 영등포구,https://kr.indeed.com/viewjob?jk=1821f45d4b71b3d8
[NAVER Z] 데이터 엔지니어의 전체 세부 정보,네이버제트,성남 분당구,https://kr.indeed.com/viewjob?jk=889ce94eaaf84122
[11번가] 리테일 상품 Selection Planning 담당자의 전체 세부 정보,십일번가,서울 중구,https://kr.indeed.com/viewjob?jk=c6abf7f3c7f6b984
데이터 엔지니어/클라우드 엔지니어/데이터 플랫폼 개발분야 경력사원의 전체 세부 정보,LG전자,서울특별시,https://kr.indeed.com/viewjob?jk=f870e8c6ab4babcf
현대백화점 H.Point팀 데이터 분석/기획 경력의 전체 세부 정보,현대백화점,서울 삼성역,https://kr.indeed.com/viewjob?jk=33b56ce32901a5bc
Data Engineer의 전체 세부 정보,Streami,서울,https://kr.indeed.com/viewjob?jk=f46298ca320db384
각 부문 신입/경력 직원의 전체 세부 정보,한국전자금융,서울 마포구,https://kr.indeed.com/viewjob?jk=c00e56c9562df743
2022년 7월 경력사원 (설비기술)의 전체 세부 정보,LG에너지솔루션,충청북도 청주,https://kr.indeed.com/viewjob?jk=c7ebd04f9b357fea
침해분석대응 (CERT) 인력 모집의 전체 세부 정보,엔씨소프트,성남 판교역,https://kr.indeed.com/viewjob?jk=7d6a16d25a48550f
[11번가] 클라우드 엔지니어의 전체 세부 정보,십일번가,서울 중구,https://kr.indeed.com/viewjob?jk=e848c48ef2c20b6a
[11번가] System Engineer 분야의 전체 세부 정보,십일번가,서울 중구,https://kr.indeed.com/viewjob?jk=60316b7ad62ed396
초거대 언어 모델링 전문가의 전체 세부 정보,에스케이텔레콤,서울 중구,https://kr.indeed.com/viewjob?jk=e68c1ad2d65a5f71
스마트팩토리/MES/인프라 부문 경력의 전체 세부 정보,현대오토에버,서울 강남구,https://kr.indeed.com/viewjob?jk=fedc7a2ce832e960
Data 분야 경력의 전체 세부 정보,LG CNS,서울,https://kr.indeed.com/viewjob?jk=6d86e9f32d31c84f
[현대무벡스] 경력사원 상시의 전체 세부 정보,현대무벡스,서울 종로구,https://kr.indeed.com/viewjob?jk=835324335bc1c7da
Applied Machine Learning Engineer (Recommendation)의 전체 세부 정보,에스케이텔레콤,서울 중구,https://kr.indeed.com/viewjob?jk=f8b23027040c6b48
[수시 ] 개발 부문별 경력자의 전체 세부 정보,SK플래닛 Tacademy,성남 분당구,https://kr.indeed.com/viewjob?jk=c7fd71312de45823
Data Scientist (KOREA)의 전체 세부 정보,No deviation Pte Ltd,충청북도 청주,https://kr.indeed.com/viewjob?jk=ea23e376c32ece8b
"Full Stack Software Engineer, TensorFlow Extended (English)의 전체 세부 정보",Google,서울,https://kr.indeed.com/viewjob?jk=2252bd5d0ed5210a
"운영심사부 data Analyst (Claim팀, 과장/차장급)의 전체 세부 정보",라이나생명보험,서울 종로구,https://kr.indeed.com/viewjob?jk=c21dd2f9988bb149
[클라우드플랫폼실] System Engineering팀 클라우드 엔지니어의 전체 세부 정보,야놀자,서울 강남구,https://kr.indeed.com/viewjob?jk=4ae5eb5bb613a826
Software Engineer - Python and K8s의 전체 세부 정보,Canonical - Jobs,서울,https://kr.indeed.com/viewjob?jk=9e154b5b00d09b31
"경력신입사원 -본사, 울산공장의 전체 세부 정보",KP그룹,서울,https://kr.indeed.com/viewjob?jk=8331b82fdf789814
[TmaxOS/R&D] OS부문 개발자의 전체 세부 정보,티맥스소프트,성남 분당구,https://kr.indeed.com/viewjob?jk=c77efc7bb98239d8
한국행동과학연구소 각 부문 수시의 전체 세부 정보,한국행동과학연구소,서울 강남구,https://kr.indeed.com/viewjob?jk=287a2f9783758916
"응용프로그램개발,인공지능(AI),머신러닝,Python,TensorFlow의 전체 세부 정보",(주)에이아이시스템즈 관심기업,서울 역삼동,https://kr.indeed.com/viewjob?jk=eb926fc0cbbd16d1
Software의 전체 세부 정보,ASML,대한민국,https://kr.indeed.com/viewjob?jk=c7c700a8d7bd4b6e
Application Engineering Intern의 전체 세부 정보,Intel,서울,https://kr.indeed.com/viewjob?jk=b7e9e9d0811a05bd
"Software Engineer, Camera 3A의 전체 세부 정보",Google,서울,https://kr.indeed.com/viewjob?jk=af846ce8ea8351ab
8퍼센트 경력 개발자의 전체 세부 정보,8퍼센트,서울 종로구,https://kr.indeed.com/viewjob?jk=464ef95516a5fa5c
Modelling & Simulation (M&S) Software Engineer의 전체 세부 정보,BOEING,서울,https://kr.indeed.com/viewjob?jk=c44a95fec41d48bb
[생산개발부문] 생산기술(선행/양산) (일반직)[신입]의 전체 세부 정보,현대자동차그룹,대한민국,https://kr.indeed.com/viewjob?jk=b2fdcfd2404cca0b
Machine Learning Engineer Intern - Korea의 전체 세부 정보,MOLOCO,서울,https://kr.indeed.com/viewjob?jk=69d3cc2cca262747
Developer Associate의 전체 세부 정보,SAP,서울,https://kr.indeed.com/viewjob?jk=a1b019c008c1dfd6
HR Data Analytics 대리급의 전체 세부 정보,회사명,서울 여의도역,https://kr.indeed.com/viewjob?jk=3ba09aded3b7ac9e
NPU SDK 개발자의 전체 세부 정보,사피온코리아,경기도,https://kr.indeed.com/viewjob?jk=9646a7a65ab83928
"Staff, Data Scientist (Rocket on-demand, 제트배송)의 전체 세부 정보",Coupang,서울,https://kr.indeed.com/viewjob?jk=1a597a61e0e83b80
의료영상 인공지능 연구원의 전체 세부 정보,뉴로핏,서울 강남구,https://kr.indeed.com/viewjob?jk=5cc74e5c58c52e46
서버 개발자 Python(Django) Developer (경력)의 전체 세부 정보,아테나스랩,서울 마포구,https://kr.indeed.com/viewjob?jk=53c7c22b9dacbbe3
"[AIRS] Data Scientist[연구원, 책임연구원]의 전체 세부 정보",현대자동차그룹,서울 강남구,https://kr.indeed.com/viewjob?jk=95d4044f1361c4c9
연구개발부문 [굴착기 구조/진동 밸리데이션(Validation) 엔지니어] 신입 / 경력의 전체 세부 정보,볼보그룹코리아,창원 성산구,https://kr.indeed.com/viewjob?jk=41a6df2cbe1fff64
[DUC본부] [소셜 카지노] 데이터 분석 담당자 (경력)의 전체 세부 정보,더블유게임즈,서울 강남구,https://kr.indeed.com/viewjob?jk=4013c44af728ded2
항공 및 로보틱스 엔지니어 (경력)의 전체 세부 정보,Nearthlab,서울 역삼역,https://kr.indeed.com/viewjob?jk=3545a67412a9af1d
[신입] 미래 인재 DB의 전체 세부 정보,현대오토에버,서울,https://kr.indeed.com/viewjob?jk=661cf773d598862b
클라우드 분야 경력의 전체 세부 정보,LG CNS,서울,https://kr.indeed.com/viewjob?jk=8a6b6ce0b31ec8d4
SCM혁신 신입/경력 사원 공개채용의 전체 세부 정보,유한킴벌리,서울 신천동,https://kr.indeed.com/viewjob?jk=c759fe51adbc3ea1
[전문연구요원] 의료영상 리서치 엔지니어 정규직의 전체 세부 정보,메디픽셀,서울 마포구,https://kr.indeed.com/viewjob?jk=3544467a7b64376f
[LFmall] 데이터 처리 및 분석의 전체 세부 정보,LF(구 LG패션),서울 강남구,https://kr.indeed.com/viewjob?jk=1cb193976db63441
웹시스템 및 솔루션 분야 프로그래머 및 웹퍼블리셔의 전체 세부 정보,위더스이십일,서울 금천구,https://kr.indeed.com/viewjob?jk=8e60094702b4fe05
Fiber Delivery Engineer - Data Center의 전체 세부 정보,Microsoft,대한민국,https://kr.indeed.com/viewjob?jk=efd38431f7d959ca
"(보충역) 개발자(python, javascript, php등) 및 Network운영자의 전체 세부 정보",아틀라스네트웍스,서울,https://kr.indeed.com/viewjob?jk=f3b252243810377e
MES Software Engineer 신입/경력 채용의 전체 세부 정보,Applied Materials,대한민국,https://kr.indeed.com/viewjob?jk=acd10eef4b5ed288
프론트엔드(신입) 개발자 /충주의 전체 세부 정보,서울소프트,충청북도 충주,https://kr.indeed.com/viewjob?jk=91675c17d1d0dbd8
[BLive Div.] Data Analyst (경력 무관)의 전체 세부 정보,크래프톤,성남 분당구,https://kr.indeed.com/viewjob?jk=bc0b04229959306a
Technical Consultant의 전체 세부 정보,Veeva Systems,경기도,https://kr.indeed.com/viewjob?jk=d1dd8d47fe59b61c
2022 하반기 1차 신입/경력의 전체 세부 정보,에이치엘클레무브,성남 분당구,https://kr.indeed.com/viewjob?jk=23ab8176e20f38a5
[선행기술원] Virtual검증 _ 검증/해석[책임연구원]의 전체 세부 정보,현대자동차그룹,성남 판교역,https://kr.indeed.com/viewjob?jk=0d571c647c477c68
Machine Learning R&D 연구원의 전체 세부 정보,카이어,서울 서초구,https://kr.indeed.com/viewjob?jk=19da3484bd7a72f1
Senior Data Scientist의 전체 세부 정보,NielsenIQ,서울,https://kr.indeed.com/viewjob?jk=fcca8bee03808ea7
대용량 분산 스토리지 개발자 모집의 전체 세부 정보,카카오,대한민국,https://kr.indeed.com/viewjob?jk=ffc95eb386fd0b88
UX Researcher의 전체 세부 정보,LINE Plus corporation,대한민국,https://kr.indeed.com/viewjob?jk=23dba89edb8a10d9
[정보보안유닛] 보안플랫폼팀 개발 매니저의 전체 세부 정보,야놀자,서울 강남구,https://kr.indeed.com/viewjob?jk=f3c2258f3104fc9b
센서 실험실 엔지니어 인턴십 (12개월)의 전체 세부 정보,인피니언코리아,서울 강남구,https://kr.indeed.com/viewjob?jk=7b221453e5de306e
AI Frameworks Engineer Intern의 전체 세부 정보,Intel,서울,https://kr.indeed.com/viewjob?jk=74dd680945a195f3
화공 공정 분석 엔지니어 신입/경력 정규직의 전체 세부 정보,아이피시,서울 강서구,https://kr.indeed.com/viewjob?jk=899ce24581abc484
"(주)누리기술 신입 및 경력 프로그래머 (C++, Python)의 전체 세부 정보",누리기술,대구 수성구,https://kr.indeed.com/viewjob?jk=9fb1bf156c419110
(주)어반유니온 시스템엔지니어 (#복지빵빵 #자유로운분위기 #자율출퇴근제)의 전체 세부 정보,어반유니온,서울 중구,https://kr.indeed.com/viewjob?jk=5b5d23ae896ffd7f
Data Analyst의 전체 세부 정보,Toss,서울,https://kr.indeed.com/viewjob?jk=908837db33774c3e
"Cloud Engineer, Infrastructure, Google Cloud Professional Se...의 전체 세부 정보",Google,서울,https://kr.indeed.com/viewjob?jk=df44443f36e6196a
데이터부문 신입/경력 공개채용의 전체 세부 정보,코난테크놀로지,서울 역삼동,https://kr.indeed.com/viewjob?jk=e985e1e69345ae59
데이터 엔지니어 (Data Engineer)의 전체 세부 정보,뱅크샐러드,서울 영등포구,https://kr.indeed.com/viewjob?jk=5feffe0fc30e44eb
[통합예약솔루션사업부문] 웹 서비스/운영 주니어 개발자. 경력직의 전체 세부 정보,에이치투오호스피탈리티,서울 강남구,https://kr.indeed.com/viewjob?jk=77bd7c75f9015ecf
Recruitment for RTL Verification Engineer의 전체 세부 정보,Harman International,서울,https://kr.indeed.com/viewjob?jk=3eb23bfb57005adf
Python Developer (Internal Product)의 전체 세부 정보,비바리퍼블리카,서울 강남구,https://kr.indeed.com/viewjob?jk=dc05a8dff101cd4a
(주)시큐아이 경력사원의 전체 세부 정보,시큐아이,서울 중구,https://kr.indeed.com/viewjob?jk=57e27f94fca091a3
AI 차세대 알고리즘 개발 분야 경력의 전체 세부 정보,LG전자,서울 서초구,https://kr.indeed.com/viewjob?jk=508bdf77df4f3973
상품 Data Platform Engineer의 전체 세부 정보,지마켓글로벌 유한책임회사,서울 강남구,https://kr.indeed.com/viewjob?jk=61fa1f32a5008faf
언어이해(NLU) 기술 전문가의 전체 세부 정보,에스케이텔레콤,서울 종로구,https://kr.indeed.com/viewjob?jk=2f3ae2651275ee1f
Machine Learning Researcher (Computer Vision)의 전체 세부 정보,BOEING,서울,https://kr.indeed.com/viewjob?jk=b3c3e8cf34bf9eca
Systems Engineer - Korea (1 year Contract)의 전체 세부 정보,Fortinet,서울,https://kr.indeed.com/viewjob?jk=fe328d4d65e78fd6
Data Engineer (Elasticsearch)의 전체 세부 정보,비바리퍼블리카,서울 강남구,https://kr.indeed.com/viewjob?jk=110b8e870cfafef6
교육/채용 플랫폼 개발/운영 경력 채용의 전체 세부 정보,한화그룹,서울,https://kr.indeed.com/viewjob?jk=1f56e13ee96b6046
Data Engineer 신입사원의 전체 세부 정보,플리토,서울 강남구,https://kr.indeed.com/viewjob?jk=5ab0b45dfa93411b
[SNOW] 렌더링 엔진 개발자의 전체 세부 정보,스노우,성남 분당구,https://kr.indeed.com/viewjob?jk=3dc3c01d7b34255a
AI 영상처리 알고리즘 개발자의 전체 세부 정보,에스케이텔레콤,성남 분당구,https://kr.indeed.com/viewjob?jk=51b4480aad895162
[동국시스템즈] 동국제강 공장 안전 관리 시스템 개발 (부산)의 전체 세부 정보,동국시스템즈,부산,https://kr.indeed.com/viewjob?jk=fa29d231a310ab4b
마케팅본부 신입/경력 사원 모집의 전체 세부 정보,동아오츠카,서울 동대문구,https://kr.indeed.com/viewjob?jk=7cb816bcfc144f5e
[잔디소프트] 게임 기획 신입/경력 정규직의 전체 세부 정보,잔디소프트,서울 영등포구,https://kr.indeed.com/viewjob?jk=ae0404f85ccc2ddb
백엔드 개발자 [경력]의 전체 세부 정보,플랜잇헬스케어,서울 강남구,https://kr.indeed.com/viewjob?jk=9f394b5524026b45
Market Research 담당자 채용의 전체 세부 정보,매일유업,서울 중학동,https://kr.indeed.com/viewjob?jk=287f5f422c269849
"[양재역] AI/빅데이터 Data Scientist (석,박사)의 전체 세부 정보",시니어앤파트너즈,서울 서초구,https://kr.indeed.com/viewjob?jk=bdcfb8150f3beed4
"[IT] 서버 엔지니어[매니저, 책임매니저]의 전체 세부 정보",현대자동차그룹,대한민국,https://kr.indeed.com/viewjob?jk=d4d03b82f1fd02af
HR Data Analyst의 전체 세부 정보,에스케이머티리얼즈,서울,https://kr.indeed.com/viewjob?jk=5875aa3e46b4f383
네트워크 엔지니어 모집의 전체 세부 정보,넷마블,서울 구로구,https://kr.indeed.com/viewjob?jk=7e84d50ec4d60c1d
공통 AI 데이터분석 (경력)의 전체 세부 정보,코나아이,서울 영등포구,https://kr.indeed.com/viewjob?jk=8f1491070d738fde
AI 분야 경력의 전체 세부 정보,LG CNS,서울,https://kr.indeed.com/viewjob?jk=6d15c3420e935aea
[선릉역] Customer Support 엔지니어 (사원급)의 전체 세부 정보,시니어앤파트너즈,서울 강남구,https://kr.indeed.com/viewjob?jk=7de8634c2cd2c926
"Student Training in Engineering Program (STEP) 2022, People...의 전체 세부 정보",Google,대한민국,https://kr.indeed.com/viewjob?jk=f8fe6fe8d5e8f401
데이터 엔지니어의 전체 세부 정보,녹십자헬스케어,서울 영등포구,https://kr.indeed.com/viewjob?jk=c1e6b86981d01a93
[PPM솔루션 클로바인] 연구소 IT 테크 직군 운영관리 개발자의 전체 세부 정보,헤븐트리,대구 수성구,https://kr.indeed.com/viewjob?jk=6916bd41820052e9
코나체인 데이터처리(경력)의 전체 세부 정보,코나아이,서울 영등포구,https://kr.indeed.com/viewjob?jk=6bd9364ac2e3240a
"Software Engineer, Machine Learning Model Optimization의 전체 세부 정보",Google,서울,https://kr.indeed.com/viewjob?jk=4378fee2c37a2b21
[TmaxAI/R&D] NLP/음성 부문 AI모델 개발자(*전문연구요원 병역특례포함)의 전체 세부 정보,티맥스소프트,성남 분당구,https://kr.indeed.com/viewjob?jk=91a52c936ba47b1a
Quantitative Researcher의 전체 세부 정보,WorldQuant,서울,https://kr.indeed.com/viewjob?jk=9ce415e3e77e1088
"Customer Engineer, Data Analytics, Google Cloud의 전체 세부 정보",Google,서울,https://kr.indeed.com/viewjob?jk=4800ed0bd1febca9
데이터분석 전문가 모집의 전체 세부 정보,11번가,서울 남대문로5가,https://kr.indeed.com/viewjob?jk=e6f79134827d23a7
2022년 ICT이노베이션스퀘어 인공지능(AI)/블록체인 3기 교육생의 전체 세부 정보,한국정보기술서비스산업협회,서울,https://kr.indeed.com/viewjob?jk=c47568a5a71d438e
CDO Data Platform Engineer의 전체 세부 정보,LG유플러스,서울특별시,https://kr.indeed.com/viewjob?jk=f0a570ee950fdc39
경남 인공지능/블록체인 교육과정 (2022 ICT이노베이션스케워 확산 사업)의 전체 세부 정보,재단법인 한국에이아이블록체인융합원,대한민국,https://kr.indeed.com/viewjob?jk=df1a4900d5aaae78
자산운용팀 전략/리스크팀 퀀트(겨울방학 인턴)의 전체 세부 정보,마이퍼스트에셋자산운용,대한민국,https://kr.indeed.com/viewjob?jk=872035f47cfd4850
빅데이터 분석 및 기획 부분 신입의 전체 세부 정보,오피니언라이브,서울 강서구,https://kr.indeed.com/viewjob?jk=dec6d0caa642a17c
디지털 미디어 매니저(퍼포먼스&브랜딩) 신입/경력의 전체 세부 정보,스스스스,서울 서초구,https://kr.indeed.com/viewjob?jk=4d6fa0f1b9726d7c
"데이터베이스개발자, 웹개발 신입/경력 정규직의 전체 세부 정보",여의도사람들,서울 영등포구,https://kr.indeed.com/viewjob?jk=e91b5984e7f5d3fd
네트워크 보안 담당자 채용의 전체 세부 정보,케이뱅크은행,서울 중학동,https://kr.indeed.com/viewjob?jk=65d17e4704beb445
각 경력 구성원 인재 Pool(개발분야)의 전체 세부 정보,에스케이엠앤서비스,서울 중구,https://kr.indeed.com/viewjob?jk=2784bb5367f16833
"AI연구원(NLP, CV) (일6시간, 주5일)의 전체 세부 정보",웨인힐스벤처스,서울 강서구,https://kr.indeed.com/viewjob?jk=1826a21949fcd32b
"[리얼클래스]백엔드 개발자 (Backend Developer, Python)의 전체 세부 정보",퀄슨,서울 강남구,https://kr.indeed.com/viewjob?jk=7a3bd948cb37d9bf
(주)스타랩스 WEB 개발자 정규직의 전체 세부 정보,스타랩스,서울 강남구,https://kr.indeed.com/viewjob?jk=14333dd32b63a2a9
미들웨어 WEB/WAS 운영 경력사원 모집의 전체 세부 정보,GS ITM,서울 재동,https://kr.indeed.com/viewjob?jk=ef675a5506696034
Network Engineer (토스증권)의 전체 세부 정보,비바리퍼블리카,서울 강남구,https://kr.indeed.com/viewjob?jk=0e07ad1e3a6990f8
Trading Specialist (Data Analyst)의 전체 세부 정보,The Trade Desk,서울,https://kr.indeed.com/viewjob?jk=659e8fe1fe7f9089
"[대기업] 딥러닝 (AI, 영상인식) 전문가 (석박사급)의 전체 세부 정보",비에이블컨설팅그룹,서울,https://kr.indeed.com/viewjob?jk=dae93b625a34beaa
GNSS/GPS Positioning Solution Engineer의 전체 세부 정보,PP-Solution Inc.,서울,https://kr.indeed.com/viewjob?jk=fd781b9ceff1df86
개발자 경력/신입 사원 공개 채용의 전체 세부 정보,한국일보사,서울 남대문로5가,https://kr.indeed.com/viewjob?jk=f1971f45d0caf8ca
22년 한화시스템 방산부문 석/박사 신입 및 경력 (SW 분야)의 전체 세부 정보,한화시스템,경상북도 구미,https://kr.indeed.com/viewjob?jk=637d079ef3f614de
"AI: 데이터분석 통한 예측모델링, 알고리즘, 개인화 추천 전문가 (과장/대리급), TOP금융그룹 투자의 전체 세부 정보",코어포인트,서울 영등포구,https://kr.indeed.com/viewjob?jk=228e6b23849c5128
하반기 신입(채용 연계형 인턴) 수시채용의 전체 세부 정보,홈앤쇼핑,서울 마곡동,https://kr.indeed.com/viewjob?jk=79fb95da6dff4025
[무료교육/취업연계/추가중] 2022년 기업멤버십 SW캠프 교육생 (빅데이터/메타버스/로봇/인공지능)의 전체 세부 정보,링크드코리아,대전,https://kr.indeed.com/viewjob?jk=24f7ae52e66335af
R&D 개발 신입 채용의 전체 세부 정보,연합인포맥스,서울 수송동,https://kr.indeed.com/viewjob?jk=90fbc1c2488bed24
[IT] 고객데이터 서비스 플랫폼 기획[책임매니저]의 전체 세부 정보,현대자동차그룹,대한민국,https://kr.indeed.com/viewjob?jk=3a7627d63e147bb0
AI Research Engineer의 전체 세부 정보,Intel,서울,https://kr.indeed.com/viewjob?jk=b22adf00b47eaa32
Software개발자 신입/경력 정규직의 전체 세부 정보,메디코아,경기도 하남,https://kr.indeed.com/viewjob?jk=ca8748df70f08f71
Site Engineer (Seoul)의 전체 세부 정보,Motion2AI,서울,https://kr.indeed.com/viewjob?jk=8da5c72baf146123
HPC Engineer의 전체 세부 정보,Altair Engineering,경기도 성남,https://kr.indeed.com/viewjob?jk=9bb3d27c60fdfbc6
신입 및 경력직원 채용[금융컨설팅본부]의 전체 세부 정보,KIS채권평가,서울 여의도,https://kr.indeed.com/viewjob?jk=6ec8d900a9ba226d
Security Engineer의 전체 세부 정보,Amazon Web Services Korea LLC,서울,https://kr.indeed.com/viewjob?jk=563aeb6282c64984
Anti-Cheat Developer의 전체 세부 정보,Riot Games,서울,https://kr.indeed.com/viewjob?jk=89c23b02ca0b2a2a
Offline to Online (O2O) / App Member Analyst Manager - Nike...의 전체 세부 정보,Nike,서울,https://kr.indeed.com/viewjob?jk=6efec1eb3c65d77d
[포티투마루] 인공지능(AI) 개발자 전 부문의 전체 세부 정보,포티투마루,서울 서초구,https://kr.indeed.com/viewjob?jk=22ffe020e40de675
D-lab 팀원 모집의 전체 세부 정보,이지스자산운용,서울 여의도,https://kr.indeed.com/viewjob?jk=48c56fc0745c828e
데이터 애널리스트 (Data Analyst)의 전체 세부 정보,뱅크샐러드,서울 영등포구,https://kr.indeed.com/viewjob?jk=0282c5728169ac62
Kafka 담당자 영입의 전체 세부 정보,카카오페이,성남 분당구,https://kr.indeed.com/viewjob?jk=97e9de2381da633d
시스템보안 담당자 채용의 전체 세부 정보,케이뱅크은행,서울 중학동,https://kr.indeed.com/viewjob?jk=e85487d0d81b009b
Data Scientist 신입 채용의 전체 세부 정보,컬리,서울 역삼동,https://kr.indeed.com/viewjob?jk=b96f47b94d8b88a4
코딩에 빠진 수퍼 개발자 (펌웨어 개발)의 전체 세부 정보,에바,성남 수정구,https://kr.indeed.com/viewjob?jk=f54bac6c78fd3240
기술 문서 작성 전문가의 전체 세부 정보,딥엑스,성남 분당구,https://kr.indeed.com/viewjob?jk=44f52ea73a6d25da
"영상처리, 컴퓨터 비전 전문가 (신입/경력)의 전체 세부 정보",에바,성남 수정구,https://kr.indeed.com/viewjob?jk=2642a83874ea6bab
Cloud Support Engineer (Afternoon Shift)의 전체 세부 정보,Amazon Web Services Korea LLC,서울,https://kr.indeed.com/viewjob?jk=5dc54301b9b629e6
SW개발자 신입 (강남/전문연구요원)의 전체 세부 정보,컨트롤웍스,서울 강남구,https://kr.indeed.com/viewjob?jk=c93f2299212b2364
"프로그래밍, 네트워크/정보보안, IoT/사물인터넷 직업훈련교사의 전체 세부 정보",경북산업직업전문학교,대구 동구,https://kr.indeed.com/viewjob?jk=ad11977802e389f8
Technical Trainer - Amazon Web Services의 전체 세부 정보,Amazon Web Services Korea LLC,서울,https://kr.indeed.com/viewjob?jk=ef61cf260c21d2f0
클라우드 (DevOps 엔지니어)의 전체 세부 정보,KB데이타시스템,서울 마포구,https://kr.indeed.com/viewjob?jk=6a89ea90a2c898c1
Data Scientist의 전체 세부 정보,Dupont,충청남도,https://kr.indeed.com/viewjob?jk=d4ed22617a5ea5f8
BRAIN Researcher의 전체 세부 정보,WorldQuant,서울,https://kr.indeed.com/viewjob?jk=e68d3e5ddd3fd104
"Associate Software Engineer, gReach Program for Veterans (보훈...의 전체 세부 정보",Google,서울,https://kr.indeed.com/viewjob?jk=2d887b3032ebc835
인프라 구축/운영(카드) 경력 채용의 전체 세부 정보,롯데정보통신,서울 가산동,https://kr.indeed.com/viewjob?jk=e7cdbec773cb26d7
2022년 상반기 백엔드 개발자의 전체 세부 정보,반달소프트,성남 분당구,https://kr.indeed.com/viewjob?jk=1601f1bfe3302af5
2022 SW개발 전제형 인턴십의 전체 세부 정보,엔테크서비스,성남 분당구,https://kr.indeed.com/viewjob?jk=2cedd486e7fab66c
FY2022 상반기 경력사원 채용[플랫폼 Data Scientist]의 전체 세부 정보,교보생명,서울 종로동,https://kr.indeed.com/viewjob?jk=40f9a1d2c81f00a2
System Engineer 경력의 전체 세부 정보,한화시스템,용인 수지구,https://kr.indeed.com/viewjob?jk=acc8e4b2d3f3b6c6
"[누리어시스템] 금융 SI/SM 정규직 개발자 (Java, Python)의 전체 세부 정보",누리어시스템,경기도 하남,https://kr.indeed.com/viewjob?jk=8e01d12718384a31
Data Engineer (Analytics Product)의 전체 세부 정보,비바리퍼블리카,서울 강남구,https://kr.indeed.com/viewjob?jk=31b9c9678a9967fa
Product Manager (Data) (토스뱅크)의 전체 세부 정보,비바리퍼블리카,서울 강남구,https://kr.indeed.com/viewjob?jk=7147ea3d5714b924
"자율 주행, 로봇 SW 개발자의 전체 세부 정보",에바,성남 수정구,https://kr.indeed.com/viewjob?jk=e30fe92d72ceb17c
[2022 전문연구요원] AI R&D - Language AI의 전체 세부 정보,엔씨소프트,성남 판교역,https://kr.indeed.com/viewjob?jk=192c20f6f0f64ab3
[주식회사 아크릴] 개발자 정규직 모집의 전체 세부 정보,주식회사 아크릴 관심기업,서울 청담동,https://kr.indeed.com/viewjob?jk=13db949120fc8e68
System Engineer 경력 채용의 전체 세부 정보,한화그룹,서울,https://kr.indeed.com/viewjob?jk=13e61a40c196a20f
WLAN customer engineer의 전체 세부 정보,Qcom,경기도 수원,https://kr.indeed.com/viewjob?jk=57222c8d74090de5
"Data Center Operations Engineer, DCO (Data Center Operations...의 전체 세부 정보",Amzn Corporate Services Korea,서울,https://kr.indeed.com/viewjob?jk=0fcc23b69afc22bb
백엔드(경력 3년 이상) 개발자 / 가산의 전체 세부 정보,서울소프트,서울,https://kr.indeed.com/viewjob?jk=f9a227ed5286d277
[외국계 스타트업 미소] Data Analyst의 전체 세부 정보,유한회사 미소,서울,https://kr.indeed.com/viewjob?jk=ec5c7ccd76639120
AI 분야 경력직 추가 채용의 전체 세부 정보,SK에코플랜트,서울 종로구,https://kr.indeed.com/viewjob?jk=a97c64d23628727b
[일본계 대기업] FAE (Field Application Engineer) 신입의 전체 세부 정보,더라이징스타에스,서울 영등포구,https://kr.indeed.com/viewjob?jk=8251fec871096ecb
부문별 직원의 전체 세부 정보,경복대학교,경기도 포천,https://kr.indeed.com/viewjob?jk=7d02cc2c10a4ef52
IT Ops Engineer의 전체 세부 정보,비바리퍼블리카,서울 강남구,https://kr.indeed.com/viewjob?jk=2cd6860adc411a59
"R&D Engineer, Sr Staff의 전체 세부 정보",Synopsys,경기도 성남,https://kr.indeed.com/viewjob?jk=3baeeb38be431566
ML Engineer (토스)의 전체 세부 정보,비바리퍼블리카,서울 강남구,https://kr.indeed.com/viewjob?jk=e906ee7c97c1f291
"JAVA, Python, R, C, C++ 외 신입/경력 개발자 정규직의 전체 세부 정보",이지서티,서울 강남구,https://kr.indeed.com/viewjob?jk=1534f657f0bb8377
[AI R&D] Language AI(NLP) Research 분야 수시(22년2차) 모집의 전체 세부 정보,엔씨소프트,성남 판교역,https://kr.indeed.com/viewjob?jk=e3317c0f4c0e4e13
데이터플랫폼/기준정보 부문 경력의 전체 세부 정보,현대오토에버,서울 강남구,https://kr.indeed.com/viewjob?jk=3cd6f0c5f7dc5574
딥러닝 통한 인공지능 솔루션 개발자의 전체 세부 정보,엘세븐시큐리티,서울 송파구,https://kr.indeed.com/viewjob?jk=554e814302b8a380
품질 신입 채용의 전체 세부 정보,LS메탈,서울 한강로2가,https://kr.indeed.com/viewjob?jk=ad9c760fdec88af5
Software Engineer Intern의 전체 세부 정보,Intel,서울,https://kr.indeed.com/viewjob?jk=8ab99f09dbabedc5
IT사업 경력/신입 사원의 전체 세부 정보,GS네오텍,서울 구로구,https://kr.indeed.com/viewjob?jk=29428afc2051cb99
DT직무 경력사원 채용의 전체 세부 정보,롯데칠성음료,서울 신천동,https://kr.indeed.com/viewjob?jk=16abbedc5ff452ae
PM/PL & 데이터분석가 정규직의 전체 세부 정보,데이터누리,서울 강서구,https://kr.indeed.com/viewjob?jk=f977ca80df6882ce
